id;ua_browser;ua_browser_version;ua_device_type;ua_platform
1;quantify definition;strategy SDD;aggregate Savings evolve;Berkshire Account haptic
2;Fish networks service-desk;ability revolutionize;Phased neutral compress;Namibia Dynamic
3;RSS generating;parse;invoice;initiatives Steel Bermuda
4;Operations Seamless;Delaware bypassing;Shirt revolutionize;Chair solid
5;Gloves;Intelligent functionalities;grow;open-source
6;best-of-breed;virtual RSS;neural Consultant;feed
7;seamless;salmon synthesizing Refined;Arizona Tactics solutions;distributed
8;orange Enhanced synthesize;compress Borders;Direct;Tunisia Frozen Connecticut
9;cross-platform;payment Bermuda pixel;Account;withdrawal Soft
10;methodology Dakota multi-byte;Account Point programming;eyeballs;Cook
